,Sno,Candidate,Constituency,Party,Criminal_Case,Education,Assets,Apprx_Assets,Total_Liabilities,Apprx_Liabilities
1,1,Bapu Rao Soyam,ADILABAD,BJP, 52 ,12th Pass,3099414, 30 Lacs+,231450, 2 Lacs+ 
2,2,Satyapal Singh Baghel,AGRA,BJP, 5 ,Doctorate,74274036, 7 Crore+,8606522, 86 Lacs+ 
3,3,Patel Hasmukhbhai Somabhai,AHMEDABAD EAST,BJP,0,Others,74699690, 7 Crore+,6252577, 62 Lacs+ 
4,4,Dr. Solanki Kiritbhai,AHMEDABAD WEST,BJP,0,Post Graduate,89474039, 8 Crore+,0,  
5,5,Sujay Radhakrishna Vikhe,AHMEDNAGAR,BJP,0,Doctorate,168664576, 16 Crore+,2623964, 26 Lacs+ 
6,6,Bhagirath Chaudhary,AJMER,BJP,0,12th Pass,85101774, 8 Crore+,8319942, 83 Lacs+ 
7,7,Sanjay Shamrao Dhotre,AKOLA,BJP, 1 ,Graduate Professional,77153230, 7 Crore+,14985774, 1 Crore+ 
8,8,A M Ariff,ALAPPUZHA,CPI(M), 2 ,Graduate Professional,15268906, 1 Crore+,2220700, 22 Lacs+ 
9,9,Ramya Haridas,ALATHUR,INC, 3 ,10th Pass,1152816, 11 Lacs+,0,  
10,10,Satish Kumar Gautam,ALIGARH,BJP,0,10th Pass,0,,28095176, 2 Crore+ 
11,11,John Barla,ALIPURDUARS,BJP, 9 ,8th Pass,1418730, 14 Lacs+,0,  
12,12,Rita Bahuguna Joshi,ALLAHABAD,BJP, 6 ,Doctorate,26919330, 2 Crore+,1600000, 16 Lacs+ 
13,13,Ajay Tamta,ALMORA,BJP,0,12th Pass,9910448, 99 Lacs+,55845, 55 Thou+ 
14,14,Mahant Balak Nath,ALWAR,BJP,0,10th Pass,352929, 3 Lacs+,0,  
15,15,Chinta Anuradha,AMALAPURAM,YSRCP,0,Graduate,85993362, 8 Crore+,2431407, 24 Lacs+ 
16,16,Ritesh Pandey,AMBEDKAR NAGAR,BSP, 1 ,Graduate,307265103, 30 Crore+,24739098, 2 Crore+ 
17,17,Smriti Irani,AMETHI,BJP,0,12th Pass,111099609, 11 Crore+,0,  
18,18,Navneet Ravi Rana,AMRAVATI,IND, 1 ,10th Pass,124554656, 12 Crore+,70576979, 7 Crore+ 
19,19,Kachhadiya Naranbhai Bhikhabhai,AMRELI,BJP,0,12th Pass,35900763, 3 Crore+,828961, 8 Lacs+ 
20,20,Gurjeet Singh Aujla,AMRITSAR,INC,0,12th Pass,0,,9031565, 90 Lacs+ 
21,21,Kunwar Danish Ali,AMROHA,BSP,0,Graduate,74920879, 7 Crore+,19579691, 1 Crore+ 
22,22,Dr.Beesetti Venkata Satyavathi,ANAKAPALLE,YSRCP,0,Graduate Professional,91526244, 9 Crore+,11139279, 1 Crore+ 
23,23,Miteshbhai Patel,ANAND,BJP, 2 ,Others,77043053, 7 Crore+,7810840, 78 Lacs+ 
24,24,Manish Tewari,ANANDPUR SAHIB,INC,0,Graduate Professional,154637860, 15 Crore+,0,  
25,25,Talari Rangaiah,ANANTAPUR,YSRCP, 1 ,Doctorate,11773091, 1 Crore+,1135547, 11 Lacs+ 
26,26,Hasnain Masoodi,ANANTNAG,Jammu & Kashmir National Conference,0,Post Graduate,87620672, 8 Crore+,0,  
27,27,Kuldeep Rai Sharma,ANDAMAN AND NICOBAR ISLANDS,INC,0,Graduate Professional,132233012, 13 Crore+,80450870, 8 Crore+ 
28,28,Dharmendra Kumar,AONLA,BJP,0,10th Pass,21766502, 2 Crore+,3324300, 33 Lacs+ 
29,29,S. Jagathrakshakan,ARAKKONAM,DMK, 2 ,10th Pass,1146984897, 114 Crore+,166365972, 16 Crore+ 
30,30,Goddeti Madhavi,ARAKU,YSRCP,0,Graduate Professional,0,,0,  
31,31,Aparupa Poddar (Afrin Ali),ARAMBAG,AITC, 1 ,Post Graduate,12527597, 1 Crore+,4244000, 42 Lacs+ 
32,32,Vishnuprasad. M.K,ARANI,INC, 1 ,Graduate Professional,234564815, 23 Crore+,33409505, 3 Crore+ 
33,33,Pradeep Kumar Singh,ARARIA,BJP, 3 ,10th Pass,5010577, 50 Lacs+,1159200, 11 Lacs+ 
34,34,R. K. Singh,ARRAH,BJP, 1 ,Graduate Professional,79971720, 7 Crore+,0,  
35,35,Tapir Gao,ARUNACHAL EAST,BJP,0,Post Graduate,136628259, 13 Crore+,0,  
36,36,Kiren Rijiju,ARUNACHAL WEST,BJP,0,Graduate Professional,15279000, 1 Crore+,0,  
37,37,Pramila Bisoyi,ASKA,BJD,0,5th Pass,732470, 7 Lacs+,0,  
38,38,Adoor Prakash,ATTINGAL,INC, 7 ,Graduate Professional,144098612, 14 Crore+,27622685, 2 Crore+ 
39,39,Imtiaz Jaleel Syed,AURANGABAD,AIMIM, 4 ,Post Graduate,29562768, 2 Crore+,6800000, 68 Lacs+ 
40,40,Sushil Kumar Singh,AURANGABAD,BJP, 3 ,Post Graduate,0,,3746607, 37 Lacs+ 
41,41,Horen Sing Bey,AUTONOMOUS DISTRICT,BJP, 2 ,Graduate,20693570, 2 Crore+,5956209, 59 Lacs+ 
42,42,Akhilesh Yadav,AZAMGARH,SP,0,Graduate Professional,377859166, 37 Crore+,2853000, 28 Lacs+ 
43,43,Sangh Mitra Maurya,BADAUN,BJP, 2 ,Graduate Professional,40372093, 4 Crore+,0,  
44,44,Gaddigoudar Parvatagouda Chandanagouda,BAGALKOT,BJP,0,Graduate Professional,43980663, 4 Crore+,7987991, 79 Lacs+ 
45,45,Dr. Satyapal Singh,BAGHPAT,BJP, 1 ,Post Graduate,78195793, 7 Crore+,0,  
46,46,Adhir Ranjan Chowdhury,BAHARAMPUR,INC, 7 ,10th Pass,101315437, 10 Crore+,8506984, 85 Lacs+ 
47,47,Akshayabar Lal,BAHRAICH,BJP,0,10th Pass,45691463, 4 Crore+,3028133, 30 Lacs+ 
48,48,Dr. Dhal Singh Bisen,BALAGHAT,BJP,0,Others,88648133, 8 Crore+,1530693, 15 Lacs+ 
49,49,Pratap Chandra Sarangi,BALASORE,BJP, 7 ,Graduate,1346236, 13 Lacs+,160, 1 Hund+ 
50,50,Virendra Singh,BALLIA,BJP, 2 ,Graduate,0,,0,  
51,51,Sukanta Majumdar,BALURGHAT,BJP,0,Doctorate,5825866, 58 Lacs+,2168170, 21 Lacs+ 
52,52,Parbatbhai Patel,BANASKANTHA,BJP,0,Graduate Professional,41819177, 4 Crore+,4500000, 45 Lacs+ 
53,53,R.K. Singh Patel,BANDA,BJP, 2 ,Graduate,55794086, 5 Crore+,0,  
54,54,P. C. Mohan,BANGALORE CENTRAL,BJP,0,12th Pass,755529306, 75 Crore+,312521957, 31 Crore+ 
55,55,D.V. Sadananda Gowda,BANGALORE NORTH,BJP,0,Graduate Professional,209384539, 20 Crore+,104302653, 10 Crore+ 
56,56,D.K. Suresh,BANGALORE RURAL,INC, 5 ,12th Pass,3388920717, 338 Crore+,519320305, 51 Crore+ 
57,57,Tejasvi Surya,BANGALORE SOUTH,BJP,0,Graduate Professional,1346593, 13 Lacs+,0,  
58,58,Shantanu Thakur,BANGAON,BJP, 8 ,Graduate,5265388, 52 Lacs+,0,  
59,59,Giridhari Yadav,BANKA,JD(U), 1 ,Post Graduate,19816050, 1 Crore+,405701, 4 Lacs+ 
60,60,Subhas Kumar Sarkar,BANKURA,BJP, 1 ,Graduate Professional,0,,3261495, 32 Lacs+ 
61,61,Kamlesh Paswan,BANSGAON,BJP, 5 ,Graduate,171706883, 17 Crore+,6049264, 60 Lacs+ 
62,62,Kanakmal Katara,BANSWARA,BJP,0,Graduate Professional,58711904, 5 Crore+,1746729, 17 Lacs+ 
63,63,Suresh Babu Nandigam,BAPATLA,YSRCP,0,8th Pass,4158610, 41 Lacs+,269000, 2 Lacs+ 
64,64,Upendra Singh Rawat,BARABANKI,BJP, 1 ,Post Graduate,18050127, 1 Crore+,3171774, 31 Lacs+ 
65,65,Supriya Sadanand Sule,BARAMATI,NCP,0,Graduate,1408888704, 140 Crore+,5500000, 55 Lacs+ 
66,66,Mohammad Akbar Lone,BARAMULLA,Jammu & Kashmir National Conference,0,Graduate Professional,597434000, 59 Crore+,104935, 1 Lacs+ 
67,67,Dr. Kakoli Ghoshdastidar,BARASAT,AITC, 2 ,Post Graduate,40531018, 4 Crore+,1496059, 14 Lacs+ 
68,68,Surendrajeet Singh Ahluwalia,BARDHAMAN DURGAPUR,BJP,0,Graduate Professional,26521750, 2 Crore+,744076, 7 Lacs+ 
69,69,Sunil Kumar Mondal,BARDHAMAN PURBA,AITC,0,Graduate Professional,20371283, 2 Crore+,148598, 1 Lacs+ 
70,70,Parbhubhai Nagarbhai Vasava	,BARDOLI,BJP,0,Others,0,,3676869, 36 Lacs+ 
71,71,Santosh Kumar Gangwar,BAREILLY,BJP,0,Graduate Professional,126356142, 12 Crore+,13055209, 1 Crore+ 
72,72,Suresh Pujari,BARGARH,BJP,0,Post Graduate,11673429, 1 Crore+,0,  
73,73,Kailash Choudhary,BARMER,BJP, 2 ,Graduate,2402250, 24 Lacs+,0,  
74,74,Abdul Khaleque,BARPETA,INC,0,Post Graduate,7398753, 73 Lacs+,2703693, 27 Lacs+ 
75,75,Arjun Singh,BARRACKPUR,BJP, 24 ,10th Pass,8055691, 80 Lacs+,1100000, 11 Lacs+ 
76,76,Nusrat Jahan Ruhi,BASIRHAT,AITC,0,12th Pass,29088391, 2 Crore+,16881608, 1 Crore+ 
77,77,Deepak Kumar Baij,BASTAR,INC, 1 ,Post Graduate,7721293, 77 Lacs+,1801236, 18 Lacs+ 
78,78,Harish Chandra Alias Harish Dwivedi,BASTI,BJP, 5 ,Post Graduate,8662344, 86 Lacs+,322490, 3 Lacs+ 
79,79,Harsimrat Kaur Badal,BATHINDA,SAD,0,10th Pass,2179919870, 217 Crore+,954852600, 95 Crore+ 
80,80,Pritam Gopinathrao Munde,BEED,BJP, 1 ,Post Graduate,0,,98833794, 9 Crore+ 
81,81,Giriraj Singh,BEGUSARAI,BJP, 6 ,Graduate,83024577, 8 Crore+,12236000, 1 Crore+ 
82,82,Angadi Suresh,BELGAUM,BJP,0,Graduate Professional,366164525, 36 Crore+,198479638, 19 Crore+ 
83,83,Y. Devendrappa,BELLARY,BJP,0,5th Pass,40107878, 4 Crore+,250000, 2 Lacs+ 
84,84,Chandra Sekhar Sahu,BERHAMPUR,BJD,0,10th Pass,11716989, 1 Crore+,0,  
85,85,Durga Das (D.D.) Uikey,BETUL,BJP,0,Post Graduate,15413532, 1 Crore+,875803, 8 Lacs+ 
86,86,Ramesh Chand,BHADOHI,BJP, 6 ,10th Pass,94089148, 9 Crore+,21696413, 2 Crore+ 
87,87,Manjulata Mandal,BHADRAK,BJD,0,Graduate,39417891, 3 Crore+,8958149, 89 Lacs+ 
88,88,Ajay Kumar Mandal,BHAGALPUR,JD(U),0,8th Pass,6801126, 68 Lacs+,5364747, 53 Lacs+ 
89,89,Sunil Baburao Mendhe,BHANDARA GONDIYA,BJP, 2 ,Others,627543615, 62 Crore+,19861338, 1 Crore+ 
90,90,Ranjeeta Kumari,BHARATPUR,BJP,0,8th Pass,0,,0,  
91,91,Mansukhbhai Vasava,BHARUCH,BJP,0,Post Graduate,6835957, 68 Lacs+,0,  
92,92,Dr.Bharatiben Dhirubhai Shiyal,BHAVNAGAR,BJP,0,Graduate Professional,17753161, 1 Crore+,3689036, 36 Lacs+ 
93,93,Subhash Chandra Baheria,BHILWARA,BJP,0,Graduate,232703276, 23 Crore+,1827380, 18 Lacs+ 
94,94,Sandhya Ray,BHIND,BJP,0,Post Graduate,51108660, 5 Crore+,13400000, 1 Crore+ 
95,95,Kapil Moreshwar Patil,BHIWANDI,BJP,0,Graduate,418850781, 41 Crore+,5645459, 56 Lacs+ 
96,96,Dharambir Singh,BHIWANI MAHENDRAGARH,BJP,0,Graduate,60642205, 6 Crore+,240000, 2 Lacs+ 
97,97,Komatireddy Venakat Reddy,BHONGIR,INC, 14 ,12th Pass,162543845, 16 Crore+,24069129, 2 Crore+ 
98,98,Sadhvi Pragya Singh Thakur,BHOPAL,BJP, 1 ,Post Graduate,444224, 4 Lacs+,0,  
99,99,Aparajita Sarangi,BHUBANESWAR,BJP,0,Graduate,31677600, 3 Crore+,4329959, 43 Lacs+ 
100,100,Bhagwanth Khuba,BIDAR,BJP, 1 ,Graduate Professional,0,,10239000, 1 Crore+ 
101,101,Jigajinagi Ramesh Chandappa,BIJAPUR,BJP,0,Graduate,504122985, 50 Crore+,1600000, 16 Lacs+ 
102,102,Malook Nagar,BIJNOR,BSP, 7 ,Graduate,2499628021, 249 Crore+,1016148176, 101 Crore+ 
103,103,Arjun Ram Meghwal,BIKANER,BJP,0,Post Graduate,23524459, 2 Crore+,1060314, 10 Lacs+ 
104,104,Arun Sao,BILASPUR,BJP,0,Graduate Professional,13544588, 1 Crore+,50000, 50 Thou+ 
105,105,Satabdi Roy (Banerjee),BIRBHUM,AITC,0,Graduate,48652722, 4 Crore+,18604443, 1 Crore+ 
106,106,Saumitra Khan,BISHNUPUR,BJP, 6 ,12th Pass,8656777, 86 Lacs+,1077120, 10 Lacs+ 
107,107,Smt. Sangeeta Kumari Singh Deo,BOLANGIR,BJP,0,Graduate,379590851, 37 Crore+,7500000, 75 Lacs+ 
108,108,Asit Kumar Mal,BOLPUR,AITC,0,10th Pass,1310691, 13 Lacs+,0,  
109,109,Bhola Singh,BULANDSHAHR,BJP, 1 ,Graduate,18728861, 1 Crore+,0,  
110,110,Prataprao Ganpatrao Jadhav,BULDHANA,SHS, 3 ,12th Pass,0,,735482, 7 Lacs+ 
111,111,Ashwini Kumar Choubey,BUXAR,BJP, 3 ,Graduate,40183612, 4 Crore+,1350667, 13 Lacs+ 
112,112,Benny Behanan,CHALAKUDY,INC, 4 ,Graduate,20461931, 2 Crore+,915938, 9 Lacs+ 
113,113,V Srinivas Prasad,CHAMARAJANAGAR,BJP,0,Post Graduate,143804441, 14 Crore+,324909, 3 Lacs+ 
114,114,Dr. Mahendra Nath Pandey,CHANDAULI,BJP,0,Doctorate,33359734, 3 Crore+,0,  
115,115,Kirron Kher,CHANDIGARH,BJP,0,Post Graduate,474983574, 47 Crore+,6279188, 62 Lacs+ 
116,116,Harsh Vardhan,CHANDNI CHOWK,BJP,0,Post Graduate,30171897, 3 Crore+,0,  
117,117,Sunil Kumar Singh,CHATRA,BJP,0,Post Graduate,226209137, 22 Crore+,1889051, 18 Lacs+ 
118,118,Dayanidhi Maran,CHENNAI CENTRAL,DMK, 1 ,Graduate,116790616, 11 Crore+,0,  
119,119,Dr. Kalanidhi Veeraswamy,CHENNAI NORTH,DMK,0,Post Graduate,405294714, 40 Crore+,258386550, 25 Crore+ 
120,120,Sumathy Alias Thamizhachi Thangapandian,CHENNAI SOUTH,DMK,0,Doctorate,0,,500000, 5 Lacs+ 
121,121,Dr.Gaddam Ranjith Reddy,CHEVELLA,TRS,0,Post Graduate,1634695131, 163 Crore+,197007553, 19 Crore+ 
122,122,Nakul Nath,CHHINDWARA,INC,0,Graduate,6601946757, 660 Crore+,8791712, 87 Lacs+ 
123,123,Rathva Gitaben Vajesingbhai,CHHOTA UDAIPUR,BJP,0,12th Pass,8634660, 86 Lacs+,0,  
124,124,Thirumaavalavan Thol,CHIDAMBARAM,Viduthalai Chiruthaigal Katchi, 3 ,Doctorate,9244092, 92 Lacs+,394248, 3 Lacs+ 
125,125,B.N.Bache Gowda,CHIKKBALLAPUR,BJP,0,Graduate Professional,1153501141, 115 Crore+,0,  
126,126,Annasaheb Shankar Jolle,CHIKKODI,BJP,0,12th Pass,344922831, 34 Crore+,195595693, 19 Crore+ 
127,127,A Narayanaswamy,CHITRADURGA,BJP,0,Graduate,96197642, 9 Crore+,0,  
128,128,N. Reddeppa,CHITTOOR,YSRCP,0,Post Graduate,17355862, 1 Crore+,1341542, 13 Lacs+ 
129,129,Chandra Prakash,CHITTORGARH,BJP,0,Graduate,19725115, 1 Crore+,100000, 1 Lacs+ 
130,130,Rahul Kaswan,CHURU,BJP,0,Graduate,0,,15163379, 1 Crore+ 
131,131,P R Natarajan,COIMBATORE,CPI(M), 1 ,12th Pass,20284430, 2 Crore+,3234168, 32 Lacs+ 
132,132,Sri Nisith Pramanik,COOCH BEHAR,BJP, 11 ,8th Pass,9629810, 96 Lacs+,0,  
133,133,T. R. V .S. Ramesh,CUDDALORE,DMK,0,Graduate Professional,423378552, 42 Crore+,102828604, 10 Crore+ 
134,134,Bhartruhari Mahtab,CUTTACK,BJD,0,Post Graduate,106894976, 10 Crore+,0,  
135,135,Delkar Mohanbhai Sanjibhai,DADRA AND NAGAR HAVELI,IND,0,Graduate,708885980, 70 Crore+,37268162, 3 Crore+ 
136,136,Jasvantsinh Sumanbhai Bhabhor,DAHOD,BJP,0,Graduate Professional,27070480, 2 Crore+,0,  
137,137,Nalin Kumar Kateel,DAKSHINA KANNADA,BJP, 4 ,10th Pass,14678300, 1 Crore+,4450945, 44 Lacs+ 
138,138,Patel Lalubhai Babubhai,DAMAN AND DIU,BJP,0,8th Pass,213993750, 21 Crore+,9969514, 99 Lacs+ 
139,139,Prahalad Singh Patel,DAMOH,BJP,0,Graduate Professional,43292483, 4 Crore+,4230614, 42 Lacs+ 
140,140,Gopaljee Thakur,DARBHANGA,BJP,0,Post Graduate,0,,1039660, 10 Lacs+ 
141,141,Raju Bista,DARJEELING,BJP,0,Graduate,151106062, 15 Crore+,27428941, 2 Crore+ 
142,142,Jaskaur Meena,DAUSA,BJP,0,Post Graduate,143742564, 14 Crore+,5825431, 58 Lacs+ 
143,143,G M Siddeshwar,DAVANAGERE,BJP,0,10th Pass,380164932, 38 Crore+,14670809, 1 Crore+ 
144,144,Ramapati Ram Tripathi,DEORIA,BJP, 1 ,Graduate Professional,29451678, 2 Crore+,9310684, 93 Lacs+ 
145,145,Mahendra Singh Solanky,DEWAS,BJP,0,Graduate Professional,3812464, 38 Lacs+,1832631, 18 Lacs+ 
146,146,Pashupati Nath Singh,DHANBAD,BJP,0,Graduate,27286918, 2 Crore+,0,  
147,147,Chhatar Singh Darbar,DHAR,BJP, 1 ,Post Graduate,23198238, 2 Crore+,2471613, 24 Lacs+ 
148,148,Dnv Senthilkumar.S,DHARMAPURI,DMK, 1 ,Post Graduate,48477451, 4 Crore+,6053502, 60 Lacs+ 
149,149,Pralhad Joshi,DHARWAD,BJP, 1 ,Graduate,111384447, 11 Crore+,51736254, 5 Crore+ 
150,150,Rekha Verma,DHAURAHRA,BJP, 3 ,12th Pass,0,,7095916, 70 Lacs+ 
151,151,Mahesh Sahoo,DHENKANAL,BJD, 1 ,12th Pass,14529286, 1 Crore+,0,  
152,152,Badruddin Ajmal,DHUBRI,AIUDF, 7 ,Post Graduate,788064044, 78 Crore+,10159381, 1 Crore+ 
153,153,Subhash Ramrao Bhamre,DHULE,BJP, 2 ,Post Graduate,158651112, 15 Crore+,1000000, 10 Lacs+ 
154,154,Abhishek Banerjee,DIAMOND HARBOUR,AITC,0,Graduate,13794320, 1 Crore+,0,  
155,155,Rameswar Teli,DIBRUGARH,BJP,0,10th Pass,4370067, 43 Lacs+,0,  
156,156,Velusamy P,DINDIGUL,DMK,0,Illiterate,148076407, 14 Crore+,31474526, 3 Crore+ 
157,157,Bharti Pawar,DINDORI,BJP,0,Graduate Professional,122885349, 12 Crore+,1449572, 14 Lacs+ 
158,158,Jagdambika Pal,DOMARIYAGANJ,BJP, 3 ,Post Graduate,103366710, 10 Crore+,2838478, 28 Lacs+ 
159,159,Sougata Ray,DUM DUM,AITC, 1 ,Post Graduate,42518790, 4 Crore+,0,  
160,160,Sunil Soren,DUMKA,BJP,0,12th Pass,0,,685516, 6 Lacs+ 
161,161,Vijay Baghel,DURG,BJP,0,Graduate,34429027, 3 Crore+,8748686, 87 Lacs+ 
162,162,Gautam Gambhir,EAST DELHI,BJP, 1 ,12th Pass,1471587789, 147 Crore+,342035860, 34 Crore+ 
163,163,Sridhar Kotagiri	,ELURU,YSRCP,0,Graduate,462808829, 46 Crore+,33560974, 3 Crore+ 
164,164,Hibi Eden,ERNAKULAM,INC, 7 ,Graduate,7908467, 79 Lacs+,200000, 2 Lacs+ 
165,165,Ganeshamurthi A,ERODE,DMK,0,Graduate,43110000, 4 Crore+,2060000, 20 Lacs+ 
166,166,Rajveer Singh,ETAH,BJP,0,Graduate Professional,383629735, 38 Crore+,100220000, 10 Crore+ 
167,167,Dr Ram Shankar Katheria,ETAWAH,BJP, 12 ,Doctorate,15154538, 1 Crore+,7304616, 73 Lacs+ 
168,168,Lallu Singh,FAIZABAD,BJP, 1 ,Post Graduate,31884642, 3 Crore+,11276478, 1 Crore+ 
169,169,Krishan Pal,FARIDABAD,BJP,0,Graduate Professional,369652786, 36 Crore+,105593242, 10 Crore+ 
170,170,Mohammad Sadique,FARIDKOT,INC,0,5th Pass,0,,311043, 3 Lacs+ 
171,171,Mukesh Rajput,FARRUKHABAD,BJP,0,Graduate,74964501, 7 Crore+,388246, 3 Lacs+ 
172,172,Amar Singh,FATEHGARH SAHIB,INC,0,Post Graduate,32808836, 3 Crore+,0,  
173,173,Sadhvi Niranjan Jyoti,FATEHPUR,BJP,0,12th Pass,10667372, 1 Crore+,910148, 9 Lacs+ 
174,174,Rajkumar Chahar,FATEHPUR SIKRI,BJP, 3 ,Graduate,14854247, 1 Crore+,356404, 3 Lacs+ 
175,175,Dr. Chandra Sen Jadon,FIROZABAD,BJP,0,Graduate Professional,42872395, 4 Crore+,0,  
176,176,Sukhbir Singh Badal,FIROZPUR,SAD, 4 ,Post Graduate,2179919870, 217 Crore+,954852600, 95 Crore+ 
177,177,Ashok Mahadevrao Nete,GADCHIROLI CHIMUR,BJP,0,12th Pass,50136369, 5 Crore+,15682840, 1 Crore+ 
178,178,Amit Shah,GANDHINAGAR,BJP, 4 ,12th Pass,403275307, 40 Crore+,4769587, 47 Lacs+ 
179,179,Nihal Chand,GANGANAGAR,BJP,0,Graduate,21014362, 2 Crore+,3631287, 36 Lacs+ 
180,180,Tirath Singh Rawat,GARHWAL,BJP,0,Post Graduate,0,,3500000, 35 Lacs+ 
181,181,Queen Oja,GAUHATI,BJP,0,Graduate,630219570, 63 Crore+,34034178, 3 Crore+ 
182,182,Dr. Mahesh Sharma,GAUTAM BUDDHA NAGAR,BJP,0,Graduate Professional,478759568, 47 Crore+,43863749, 4 Crore+ 
183,183,Vijay Kumar,GAYA,JD(U), 3 ,12th Pass,12766141, 1 Crore+,3148932, 31 Lacs+ 
184,184,Deepak Adhikari,GHATAL,AITC,0,Others,317320579, 31 Crore+,7879681, 78 Lacs+ 
185,185,Vijay Kumar Singh,GHAZIABAD,BJP, 2 ,Doctorate,56545702, 5 Crore+,0,  
186,186,Atul Kumar Singh,GHOSI,BSP, 13 ,Graduate,66536025, 6 Crore+,3454591, 34 Lacs+ 
187,187,Chandra Prakash Choudhary,GIRIDIH,AJSU Party, 2 ,Graduate,13456889, 1 Crore+,1330000, 13 Lacs+ 
188,188,Nishikant Dubey,GODDA,BJP, 4 ,Doctorate,462757500, 46 Crore+,0,  
189,189,Kirti Vardhan Singh Alias Raja Bhaiya,GONDA,BJP,0,Post Graduate,232735285, 23 Crore+,23201603, 2 Crore+ 
190,190,Dr. Alok Kumar Suman,GOPALGANJ,JD(U),0,Post Graduate,0,,3576376, 35 Lacs+ 
191,191,Ravindra Shyamnarayan Shukla Alias Ravi Kishan,GORAKHPUR,BJP,0,12th Pass,208494688, 20 Crore+,17711043, 1 Crore+ 
192,192,Dr. Umesh G Jadhav,GULBARGA,BJP,0,Post Graduate,37490597, 3 Crore+,0,  
193,193,Krishna Pal Singh,GUNA,BJP,0,Graduate Professional,16266408, 1 Crore+,494053, 4 Lacs+ 
194,194,Jayadev Galla,GUNTUR,TDP,0,Graduate,3051485242, 305 Crore+,203452417, 20 Crore+ 
195,195,Ajay Singh Dharmendra Deol (Sunny Deol),GURDASPUR,BJP,0,Others,871925679, 87 Crore+,534644785, 53 Crore+ 
196,196,Rao Inderjit Singh,GURGAON,BJP,0,Graduate Professional,420970754, 42 Crore+,31500000, 3 Crore+ 
197,197,Vivek Narayan Shejwalkar,GWALIOR,BJP,0,Graduate Professional,58911673, 5 Crore+,0,  
198,198,Pashupati Kumar Paras,HAJIPUR,LJP, 1 ,Graduate Professional,62834200, 6 Crore+,6744375, 67 Lacs+ 
199,199,Kunwar Pushpendra Singh,HAMIRPUR,BJP, 4 ,Post Graduate,167159924, 16 Crore+,35502582, 3 Crore+ 
200,200,Anurag Singh Thakur,HAMIRPUR,BJP, 3 ,Graduate,0,,1085145, 10 Lacs+ 
201,201,Jai Prakash,HARDOI,BJP,0,Graduate,234032624, 23 Crore+,2615368, 26 Lacs+ 
202,202,Ramesh Pokhriyal Nishank,HARIDWAR,BJP,0,Doctorate,28739888, 2 Crore+,16444, 16 Thou+ 
203,203,Prajwal R,HASSAN,JD(S),0,Graduate Professional,97848632, 9 Crore+,37253210, 3 Crore+ 
204,204,Rajvir Diler,HATHRAS,BJP,0,12th Pass,14930000, 1 Crore+,0,  
205,205,Dhairyashil Sambhajirao Mane,HATKANANGLE,SHS,0,Graduate,47771462, 4 Crore+,41599959, 4 Crore+ 
206,206,Udasi. S.C.,HAVERI,BJP,0,12th Pass,718499195, 71 Crore+,165566495, 16 Crore+ 
207,207,Jayant Sinha,HAZARIBAGH,BJP,0,Post Graduate,770749002, 77 Crore+,193271437, 19 Crore+ 
208,208,Kuruva Gorantla Madhav,HINDUPUR,YSRCP, 2 ,Graduate,1787356, 17 Lacs+,730332, 7 Lacs+ 
209,209,Patil Hemant Shriram,HINGOLI,SHS,0,Graduate,18594458, 1 Crore+,1299983, 12 Lacs+ 
210,210,Brijendra Singh,HISAR,BJP,0,Post Graduate,0,,27225637, 2 Crore+ 
211,211,Locket Chatterjee,HOOGHLY,BJP, 14 ,Graduate,35655698, 3 Crore+,0,  
212,212,Rao Uday Pratap Singh,HOSHANGABAD,BJP, 1 ,Graduate,154783105, 15 Crore+,9103300, 91 Lacs+ 
213,213,Som Parkash,HOSHIARPUR,BJP,0,Post Graduate,29404519, 2 Crore+,0,  
214,214,Prasun Banerjee,HOWRAH,AITC, 1 ,Graduate,13216066, 1 Crore+,0,  
215,215,Asaduddin Owaisi,HYDERABAD,AIMIM, 5 ,Graduate Professional,179044376, 17 Crore+,120500000, 12 Crore+ 
216,216,Dean Kuriakose,IDUKKI,INC, 204 ,Post Graduate,13395011, 1 Crore+,10000000, 1 Crore+ 
217,217,Shankar Lalwani,INDORE,BJP, 2 ,Graduate Professional,59038508, 5 Crore+,2106382, 21 Lacs+ 
218,218,Dr Rajkumar Ranjan Singh,INNER MANIPUR,BJP,0,Doctorate,19616174, 1 Crore+,0,  
219,219,Rakesh Singh,JABALPUR,BJP, 1 ,Graduate,43134351, 4 Crore+,1387000, 13 Lacs+ 
220,220,Mimi Chakraborty,JADAVPUR,AITC,0,Graduate,0,,1900788, 19 Lacs+ 
221,221,Rajashree Mallick,JAGATSINGHPUR,BJD,0,Graduate Professional,40023972, 4 Crore+,1433305, 14 Lacs+ 
222,222,Chandeshwar Prasad,JAHANABAD,JD(U), 3 ,10th Pass,139271693, 13 Crore+,0,  
223,223,Ram Charan Bohra,JAIPUR,BJP,0,12th Pass,165322707, 16 Crore+,22000000, 2 Crore+ 
224,224,Col. Rajyavardhan Rathore,JAIPUR RURAL,BJP,0,Graduate,127808070, 12 Crore+,0,  
225,225,Sarmistha Sethi,JAJPUR,BJD,0,Post Graduate,15837082, 1 Crore+,0,  
226,226,Santokh Singh Chaudhary,JALANDHAR,INC,0,Graduate Professional,99925185, 9 Crore+,2534363, 25 Lacs+ 
227,227,Bhanu Pratap Singh,JALAUN,BJP, 1 ,Post Graduate,10699516, 1 Crore+,12265, 12 Thou+ 
228,228,Unmesh Bhaiyyasaheb Patil,JALGAON,BJP, 1 ,Graduate Professional,12324604, 1 Crore+,2529954, 25 Lacs+ 
229,229,Danve Raosaheb Dadarao,JALNA,BJP, 2 ,Graduate,229557992, 22 Crore+,2400000, 24 Lacs+ 
230,230,Devaji Patel,JALORE,BJP,0,10th Pass,0,,60936530, 6 Crore+ 
231,231,Jayanta Kumar Roy,JALPAIGURI,BJP,0,Graduate Professional,11625047, 1 Crore+,1352581, 13 Lacs+ 
232,232,Jugal Kishore,JAMMU,BJP,0,10th Pass,56481801, 5 Crore+,350040219, 35 Crore+ 
233,233,Poonamben Hematbhai Maadam,JAMNAGAR,BJP,0,Graduate,427331034, 42 Crore+,98632194, 9 Crore+ 
234,234,Bidyut Baran Mahato,JAMSHEDPUR,BJP, 3 ,12th Pass,27750671, 2 Crore+,2961830, 29 Lacs+ 
235,235,Chirag Kumar Paswan,JAMUI,LJP, 1 ,Graduate Professional,18466066, 1 Crore+,0,  
236,236,Khalilur Rahaman,JANGIPUR,AITC,0,Graduate,368306705, 36 Crore+,2248968, 22 Lacs+ 
237,237,Guharam Ajgalle,JANJGIR CHAMPA,BJP,0,Graduate Professional,18400837, 1 Crore+,0,  
238,238,Shyam Singh Yadav,JAUNPUR,BSP,0,Post Graduate,140717620, 14 Crore+,3577000, 35 Lacs+ 
239,239,Pratima Mondal,JAYNAGAR,AITC,0,Post Graduate,27471675, 2 Crore+,0,  
240,240,Dushyant,JHALAWAR BARAN,BJP,0,Post Graduate,0,,85824156, 8 Crore+ 
241,241,Ramprit Mandal,JHANJHARPUR,JD(U), 1 ,10th Pass,88119686, 8 Crore+,1000000, 10 Lacs+ 
242,242,Anurag Sharma,JHANSI,BJP,0,Post Graduate,1243060113, 124 Crore+,14212970, 1 Crore+ 
243,243,Kunar Hembram,JHARGRAM,BJP,0,Graduate Professional,10387498, 1 Crore+,565000, 5 Lacs+ 
244,244,Narendra Kumar,JHUNJHUNU,BJP, 1 ,Graduate,47474109, 4 Crore+,3278401, 32 Lacs+ 
245,245,Gajendra Singh Shekhawat,JODHPUR,BJP, 1 ,Post Graduate,138029511, 13 Crore+,58573744, 5 Crore+ 
246,246,Topon Kumar Gogoi,JORHAT,BJP,0,Post Graduate,12597461, 1 Crore+,455398, 4 Lacs+ 
247,247,Chudasama Rajeshbhai Naranbhai,JUNAGADH,BJP, 1 ,12th Pass,10866041, 1 Crore+,1481768, 14 Lacs+ 
248,248,Chavda Vinod Lakhamshi,KACHCHH,BJP,0,Post Graduate,33508455, 3 Crore+,12458607, 1 Crore+ 
249,249,Yeduguri Sandinti Avinash Reddy,KADAPA,YSRCP, 4 ,Post Graduate,186969794, 18 Crore+,22833319, 2 Crore+ 
250,250,Pradeep Kumar,KAIRANA,BJP, 5 ,Post Graduate,0,,1300000, 13 Lacs+ 
251,251,Brij Bhushan Sharan Singh,KAISERGANJ,BJP, 4 ,Graduate Professional,98905402, 9 Crore+,61524736, 6 Crore+ 
252,252,Vanga Geetha Viswanatham,KAKINADA,YSRCP,0,Post Graduate,202528594, 20 Crore+,34416887, 3 Crore+ 
253,253,Basanta Kumar Panda,KALAHANDI,BJP, 3 ,12th Pass,9547000, 95 Lacs+,0,  
254,254,Gaurav Gogoi,KALIABOR,INC,0,Post Graduate,13727834, 1 Crore+,1250000, 12 Lacs+ 
255,255,Gautham Sigamani Pon,KALLAKURICHI,DMK, 1 ,Post Graduate,471186830, 47 Crore+,81131909, 8 Crore+ 
256,256,Dr. Shrikant Eknath Shinde,KALYAN,SHS, 1 ,Post Graduate,19616515, 1 Crore+,1241233, 12 Lacs+ 
257,257,Selvam.G,KANCHEEPURAM,DMK,0,Post Graduate,48172936, 4 Crore+,0,  
258,258,Achyutananda Samanta,KANDHAMAL,BJD,0,Doctorate,1244722, 12 Lacs+,0,  
259,259,Kishan Kapoor,KANGRA,BJP, 2 ,12th Pass,85841247, 8 Crore+,3605161, 36 Lacs+ 
260,260,Mohan Mandavi,KANKER,BJP,0,Post Graduate,0,,679000, 6 Lacs+ 
261,261,Subrat Pathak,KANNAUJ,BJP, 11 ,Graduate,54287991, 5 Crore+,28993930, 2 Crore+ 
262,262,Vasanthakumar H,KANNIYAKUMARI,INC,0,Post Graduate,4174930444, 417 Crore+,1547511439, 154 Crore+ 
263,263,K Sudhakaran,KANNUR,INC, 3 ,Post Graduate,29699206, 2 Crore+,7468633, 74 Lacs+ 
264,264,Satyadev Pachauri,KANPUR,BJP,0,Post Graduate,132382819, 13 Crore+,31052190, 3 Crore+ 
265,265,Sisir Kumar Adhikari,KANTHI,AITC, 3 ,12th Pass,33979650, 3 Crore+,0,  
266,266,Mahabali Singh,KARAKAT,JD(U), 3 ,8th Pass,43442051, 4 Crore+,3000000, 30 Lacs+ 
267,267,Manoj Rajoria,KARAULI DHOLPUR,BJP,0,Post Graduate,64867148, 6 Crore+,22121569, 2 Crore+ 
268,268,Kripanath Mallah,KARIMGANJ,BJP,0,Graduate,1871040, 18 Lacs+,0,  
269,269,Bandi Sanjay Kumar,KARIMNAGAR,BJP, 6 ,Post Graduate,2270000, 22 Lacs+,1341800, 13 Lacs+ 
270,270,Sanjay Bhatia,KARNAL,BJP,0,Graduate,0,,500000, 5 Lacs+ 
271,271,Jothimani S,KARUR,INC,0,Post Graduate,6046055, 60 Lacs+,379000, 3 Lacs+ 
272,272,Rajmohan Unnithan,KASARAGOD,INC, 1 ,Graduate,21570257, 2 Crore+,862257, 8 Lacs+ 
273,273,Dulal Chandra Goswami,KATIHAR,JD(U), 1 ,Graduate,13302734, 1 Crore+,3130766, 31 Lacs+ 
274,274,Vinod Kumar Sonkar,KAUSHAMBI,BJP, 4 ,Graduate,59336113, 5 Crore+,20730086, 2 Crore+ 
275,275,Anubhav Mohanty,KENDRAPARA,BJD,0,Graduate,22309172, 2 Crore+,4133506, 41 Lacs+ 
276,276,Chandrani Murmu,KEONJHAR,BJD,0,Graduate Professional,340580, 3 Lacs+,0,  
277,277,Jasbir Singh Gill,KHADOOR SAHIB,INC,0,Others,81393500, 8 Crore+,4655000, 46 Lacs+ 
278,278,Choudhary Mahbub Ali Kaisar,KHAGARIA,LJP, 1 ,Graduate,109788313, 10 Crore+,0,  
279,279,Vishnu Datt Sharma,KHAJURAHO,BJP,0,Post Graduate,10589334, 1 Crore+,2507176, 25 Lacs+ 
280,280,Nama Nageswr Rao,KHAMMAM,TRS, 5 ,12th Pass,0,,80721594, 8 Crore+ 
281,281,Nandkumar Singh Chouhan (Nandu Bhaiya),KHANDWA,BJP,0,Post Graduate,19076515, 1 Crore+,4819099, 48 Lacs+ 
282,282,Gajendra Umrao Singh Patel,KHARGONE,BJP,0,Graduate Professional,67303990, 6 Crore+,1885020, 18 Lacs+ 
283,283,Chauhan Devusinh,KHEDA,BJP,0,Others,13023202, 1 Crore+,995240, 9 Lacs+ 
284,284,Ajay Kumar,KHERI,BJP, 1 ,Graduate Professional,45295455, 4 Crore+,0,  
285,285,Arjun Munda,KHUNTI,BJP,0,12th Pass,91507865, 9 Crore+,27106434, 2 Crore+ 
286,286,Dr. Mohammad Jawed,KISHANGANJ,INC, 1 ,Graduate Professional,90973803, 9 Crore+,5383958, 53 Lacs+ 
287,287,Annapurna Devi,KODARMA,BJP,0,Post Graduate,97636939, 9 Crore+,3189066, 31 Lacs+ 
288,288,Naba Kumar Sarania,KOKRAJHAR,IND, 5 ,12th Pass,13013994, 1 Crore+,175069, 1 Lacs+ 
289,289,S. Muniswamy,KOLAR,BJP, 2 ,12th Pass,174557500, 17 Crore+,19865690, 1 Crore+ 
290,290,Sanjay Sadashivrao Mandlik,KOLHAPUR,SHS,0,Post Graduate,0,,10580414, 1 Crore+ 
291,291,Mala Roy,KOLKATA DAKSHIN,AITC, 3 ,Graduate,10308401, 1 Crore+,0,  
292,292,Bandyopadhyay Sudip,KOLKATA UTTAR,AITC, 2 ,Graduate,61176355, 6 Crore+,0,  
293,293,Premachandran N K,KOLLAM,Revolutionary Socialist Party, 5 ,Graduate Professional,17500650, 1 Crore+,3270587, 32 Lacs+ 
294,294,Karadi Sanganna Amarappa,KOPPAL,BJP, 1 ,10th Pass,28725791, 2 Crore+,22475333, 2 Crore+ 
295,295,Saptagiri Sankar Ulaka,KORAPUT,INC,0,Graduate Professional,37587560, 3 Crore+,1217963, 12 Lacs+ 
296,296,Jyotsna Mahant,KORBA,INC,0,Post Graduate,150639697, 15 Crore+,0,  
297,297,Om Birla,KOTA,BJP, 1 ,Post Graduate,48347737, 4 Crore+,0,  
298,298,Thomas Chazhikadan,KOTTAYAM,Kerala Congress (M),0,Graduate Professional,26027478, 2 Crore+,495778, 4 Lacs+ 
299,299,M.K.Raghavan,KOZHIKODE,INC, 1 ,Graduate,12502009, 1 Crore+,3174805, 31 Lacs+ 
300,300,Dr.A.Chellakumar,KRISHNAGIRI,INC, 5 ,Post Graduate,0,,66817959, 6 Crore+ 
301,301,Mahua Moitra,KRISHNANAGAR,AITC,0,Graduate,26495250, 2 Crore+,671138, 6 Lacs+ 
302,302,Dr Sanjeev Kumar,KURNOOL,YSRCP,0,Post Graduate,325914387, 32 Crore+,62070621, 6 Crore+ 
303,303,Nayab Singh,KURUKSHETRA,BJP,0,Graduate Professional,35785621, 3 Crore+,5720000, 57 Lacs+ 
304,304,Vijay Kumar Dubey,KUSHI NAGAR,BJP, 2 ,12th Pass,21860780, 2 Crore+,316847, 3 Lacs+ 
305,305,Tsering Namgyal,LADAKH,BJP, 1 ,Graduate,981904, 9 Lacs+,0,  
306,306,Pradan Baruah,LAKHIMPUR,BJP,0,12th Pass,14307978, 1 Crore+,5839285, 58 Lacs+ 
307,307,Mohammed Faizal Pp,LAKSHADWEEP,NCP, 2 ,Post Graduate,938641, 9 Lacs+,0,  
308,308,Sangeeta Azad,LALGANJ,BSP,0,Graduate Professional,88451770, 8 Crore+,0,  
309,309,Sudhakar Tukaram Shrangare,LATUR,BJP,0,10th Pass,286478302, 28 Crore+,100250602, 10 Crore+ 
310,310,Sudarshan Bhagat,LOHARDAGA,BJP,0,Graduate,0,,525000, 5 Lacs+ 
311,311,Rajnath Singh,LUCKNOW,BJP,0,Post Graduate,51492709, 5 Crore+,0,  
312,312,Ravneet Singh Bittu,LUDHIANA,INC, 3 ,12th Pass,54281096, 5 Crore+,3331266, 33 Lacs+ 
313,313,Bholanath (B.P. Saroj),MACHHLISHAHR,BJP,0,Graduate,259027394, 25 Crore+,11194163, 1 Crore+ 
314,314,Balashowry Vallabhaneni,MACHILIPATNAM,YSRCP, 2 ,Post Graduate,990575840, 99 Crore+,746310844, 74 Crore+ 
315,315,Ranjeetsinha Hindurao Naik Nimbalkar,MADHA,BJP, 2 ,12th Pass,1275160578, 127 Crore+,896315287, 89 Crore+ 
316,316,Dinesh Chandra Yadav,MADHEPURA,JD(U), 1 ,Graduate Professional,37420953, 3 Crore+,700000, 7 Lacs+ 
317,317,Ashok Kumar Yadav,MADHUBANI,BJP, 1 ,Doctorate,46699125, 4 Crore+,7892847, 78 Lacs+ 
318,318,Venkatesan S,MADURAI,CPI(M),0,12th Pass,1811456, 18 Lacs+,0,  
319,319,Kavitha Malothu,MAHABUBABAD,TRS, 1 ,Graduate,19731269, 1 Crore+,1252068, 12 Lacs+ 
320,320,Janardan Singh Sigriwal,MAHARAJGANJ,BJP, 5 ,Graduate,0,,376000, 3 Lacs+ 
321,321,Pankaj Choudhary,MAHARAJGANJ,BJP, 5 ,12th Pass,371827109, 37 Crore+,4483048, 44 Lacs+ 
322,322,Chunni Lal Sahu,MAHASAMUND,BJP,0,Graduate,17591683, 1 Crore+,1383014, 13 Lacs+ 
323,323,Manne Srinivas Reddy,MAHBUBNAGAR,TRS,0,12th Pass,63353123, 6 Crore+,4569251, 45 Lacs+ 
324,324,Shardaben Anilbhai Patel,MAHESANA,BJP,0,12th Pass,440308300, 44 Crore+,7477793, 74 Lacs+ 
325,325,Mulayam Singh Yadav,MAINPURI,SP, 1 ,Post Graduate,205604593, 20 Crore+,22055657, 2 Crore+ 
326,326,Kunhalikutty,MALAPPURAM,IUML, 2 ,Graduate,52932535, 5 Crore+,0,  
327,327,Abu Hasem Khan Chowdhury,MALDAHA DAKSHIN,INC,0,Doctorate,270959520, 27 Crore+,728107, 7 Lacs+ 
328,328,Khagen Murmu,MALDAHA UTTAR,BJP, 4 ,Graduate,10232439, 1 Crore+,1070914, 10 Lacs+ 
329,329,Anumula Revanth Reddy,MALKAJGIRI,INC, 42 ,Graduate,245357182, 24 Crore+,27807304, 2 Crore+ 
330,330,Ram Swaroop Sharma,MANDI,BJP,0,10th Pass,0,,783963, 7 Lacs+ 
331,331,Faggan Singh Kulaste,MANDLA,BJP,0,Post Graduate,26702373, 2 Crore+,1000075, 10 Lacs+ 
332,332,Sudheer Gupta,MANDSOUR,BJP, 1 ,Post Graduate,90908944, 9 Crore+,799283, 7 Lacs+ 
333,333,Sumalatha Ambareesh,MANDYA,IND,0,10th Pass,234154139, 23 Crore+,14232295, 1 Crore+ 
334,334,Shri Dilip Saikia,MANGALDOI,BJP,0,Graduate,6206286, 62 Lacs+,0,  
335,335,Hema Malini Dharmendra Deol,MATHURA,BJP,0,Doctorate,2508270292, 250 Crore+,131288062, 13 Crore+ 
336,336,Choudhury Mohan Jatua,MATHURAPUR,AITC,0,Post Graduate,10667304, 1 Crore+,0,  
337,337,Shrirang Chandu Barne,MAVAL,SHS, 3 ,8th Pass,1023310134, 102 Crore+,416612, 4 Lacs+ 
338,338,Kodikunnil Suresh,MAVELIKKARA,INC, 1 ,Graduate Professional,12965129, 1 Crore+,982819, 9 Lacs+ 
339,339,Ramalingam S,MAYILADUTHURAI,DMK,0,Graduate,13355095, 1 Crore+,215000, 2 Lacs+ 
340,340,Bishweswar Tudu,MAYURBHANJ,BJP, 1 ,10th Pass,0,,400000, 4 Lacs+ 
341,341,Kotha Prabhakar Reddy,MEDAK,TRS,0,Graduate,1266581773, 126 Crore+,268266203, 26 Crore+ 
342,342,Dilip Kumar Ghosh,MEDINIPUR,BJP, 14 ,10th Pass,4536462, 45 Lacs+,0,  
343,343,Rajendra Agarwal,MEERUT,BJP, 3 ,Post Graduate,13489377, 1 Crore+,1990094, 19 Lacs+ 
344,344,Anupriya Singh Patel,MIRZAPUR,Apna Dal (Soneylal), 2 ,Post Graduate,26900662, 2 Crore+,1805603, 18 Lacs+ 
345,345,Ashok Kumar,MISRIKH,BJP,0,Post Graduate,48771207, 4 Crore+,5735470, 57 Lacs+ 
346,346,C Lalrosanga,MIZORAM,MNF,0,Graduate,131201374, 13 Crore+,0,  
347,347,Kaushal Kishore,MOHANLALGANJ,BJP, 1 ,Graduate,55530561, 5 Crore+,0,  
348,348,Dr. S T Hasan,MORADABAD,SP,0,Post Graduate,55795546, 5 Crore+,500000, 5 Lacs+ 
349,349,Narendra Singh Tomar,MORENA,BJP, 1 ,Graduate,23062224, 2 Crore+,6689767, 66 Lacs+ 
350,350,Gopal Chinnaya Shetty,MUMBAI NORTH,BJP, 9 ,5th Pass,0,,21136135, 2 Crore+ 
351,351,Poonam Vajendla Rao,MUMBAI NORTH CENTRAL,BJP, 2 ,Others,22242513, 2 Crore+,0,  
352,352,Manoj Kishorbhai Kotak,MUMBAI NORTH EAST,BJP, 2 ,10th Pass,54661944, 5 Crore+,2048000, 20 Lacs+ 
353,353,Gajanan Chandrakant Kirtikar,MUMBAI NORTH WEST,SHS,0,Graduate,105392000, 10 Crore+,4032000, 40 Lacs+ 
354,354,Arvind Sawant,MUMBAI SOUTH,Shiv Sena (Uddhav Balasaheb Thackeray), 1 ,Graduate,27181577, 2 Crore+,0,  
355,355,Rahul Ramesh Shewale,MUMBAI SOUTH CENTRAL,SHS,0,Others,18881363, 1 Crore+,7778954, 77 Lacs+ 
356,356,Rajiv Ranjan Singh,MUNGER,JD(U), 1 ,Graduate,88324866, 8 Crore+,7534918, 75 Lacs+ 
357,357,Abu Taher Khan,MURSHIDABAD,AITC, 3 ,8th Pass,8926616, 89 Lacs+,1350000, 13 Lacs+ 
358,358,Sanjeev Kumar Balyan,MUZAFFARNAGAR,BJP, 1 ,Doctorate,15781189, 1 Crore+,2373645, 23 Lacs+ 
359,359,Ajay Nishad,MUZAFFARPUR,BJP, 1 ,Graduate,298867486, 29 Crore+,15714320, 1 Crore+ 
360,360,Prathap Simha,MYSORE,BJP, 3 ,Post Graduate,0,,6586698, 65 Lacs+ 
361,361,Ramesh Chandra Majhi,NABARANGPUR,BJD,0,Graduate,8100600, 81 Lacs+,771000, 7 Lacs+ 
362,362,Tokheho Yepthomi,NAGALAND,Nationalist Democratic Progressive Party,0,Graduate,128117474, 12 Crore+,18600000, 1 Crore+ 
363,363,Selvaraj M,NAGAPATTINAM,CPI,0,12th Pass,4572837, 45 Lacs+,1251381, 12 Lacs+ 
364,364,Pothuganti Ramulu,NAGARKURNOOL,TRS,0,Graduate,10778684, 1 Crore+,0,  
365,365,Hanuman Beniwal,NAGAUR,Rashtriya Loktantrik Party,0,Graduate Professional,4218568, 42 Lacs+,0,  
366,366,Girish Chandra,NAGINA,BSP, 1 ,12th Pass,28659644, 2 Crore+,9062600, 90 Lacs+ 
367,367,Nitin Jairam Gadkari,NAGPUR,BJP, 4 ,Graduate Professional,187916075, 18 Crore+,40729055, 4 Crore+ 
368,368,Ajay Bhatt,NAINITAL-UDHAMSINGH NAGAR,BJP,0,Graduate Professional,19699529, 1 Crore+,0,  
369,369,Kaushlendra Kumar,NALANDA,JD(U),0,12th Pass,29251651, 2 Crore+,2712389, 27 Lacs+ 
370,370,Nalamada Uttam Kumar Reddy,NALGONDA,INC, 4 ,Graduate,0,,1200000, 12 Lacs+ 
371,371,Chinraj A.K.P,NAMAKKAL,DMK,0,Graduate,485205173, 48 Crore+,18642484, 1 Crore+ 
372,372,Chikhalikar Pratap Govindrao,NANDED,BJP,0,12th Pass,52178606, 5 Crore+,594000, 5 Lacs+ 
373,373,Heena Vijaykumar Gavit,NANDURBAR,BJP,0,Post Graduate,271634532, 27 Crore+,15291251, 1 Crore+ 
374,374,Pocha Brahmananda Reddy,NANDYAL,YSRCP, 1 ,Post Graduate,585932911, 58 Crore+,177035582, 17 Crore+ 
375,375,Lavu Sri Krishna Devarayalu,NARASARAOPET,YSRCP,0,Graduate Professional,177710073, 17 Crore+,10142413, 1 Crore+ 
376,376,Kanumuru Raghu Rama Krishna Raju,NARSAPURAM,YSRCP, 3 ,Post Graduate,3259405378, 325 Crore+,1014467354, 101 Crore+ 
377,377,Hemant Tukaram Godse,NASHIK,SHS, 1 ,Others,146869996, 14 Crore+,41083126, 4 Crore+ 
378,378,Patil Chandrakant,NAVSARI,BJP, 1 ,10th Pass,446044269, 44 Crore+,56846658, 5 Crore+ 
379,379,Chandan Singh,NAWADA,LJP, 2 ,Graduate,176720167, 17 Crore+,4722200, 47 Lacs+ 
380,380,Pradyut Bordoloi,NAWGONG,INC,0,Post Graduate,0,,4011152, 40 Lacs+ 
381,381,Adala Prabhakara Reddy,NELLORE,YSRCP,0,12th Pass,2211663364, 221 Crore+,152281255, 15 Crore+ 
382,382,Meenakashi Lekhi,NEW DELHI,BJP,0,Graduate Professional,361441689, 36 Crore+,7938378, 79 Lacs+ 
383,383,A. Raja,NILGIRIS,DMK, 6 ,Graduate Professional,49591024, 4 Crore+,1424914, 14 Lacs+ 
384,384,Dharmapuri Arvind,NIZAMABAD,BJP, 1 ,Post Graduate,876930468, 87 Crore+,337580746, 33 Crore+ 
385,385,Manoj Tiwari,NORTH EAST DELHI,BJP, 3 ,Post Graduate,242817031, 24 Crore+,13618755, 1 Crore+ 
386,386,Shripad Yesso Naik,NORTH GOA,BJP,0,Graduate,65795623, 6 Crore+,1491387, 14 Lacs+ 
387,387,Hans Raj Hans,NORTH WEST DELHI,BJP,0,10th Pass,130937732, 13 Crore+,47897494, 4 Crore+ 
388,388,Magunta Sreenivasulu Reddy,ONGOLE,YSRCP,0,Graduate,266583686, 26 Crore+,91302133, 9 Crore+ 
389,389,Omprakash Bhupalsinh Alias Pavan Rajenimbalkar,OSMANABAD,Shiv Sena (Uddhav Balasaheb Thackeray), 4 ,12th Pass,50299295, 5 Crore+,10045858, 1 Crore+ 
390,390,Lorho S. Pfoze,OUTER MANIPUR,NPF,0,Graduate Professional,0,,0,  
391,391,V K Sreekandan,PALAKKAD,INC, 7 ,Graduate,6356399, 63 Lacs+,2709000, 27 Lacs+ 
392,392,Vishnu Dayal Ram,PALAMU,BJP,0,Graduate,32273873, 3 Crore+,90922, 90 Thou+ 
393,393,Gavit Rajendra Dhedya,PALGHAR,SHS,0,Graduate,87616920, 8 Crore+,30223375, 3 Crore+ 
394,394,P. P. Chaudhary,PALI,BJP,0,Graduate Professional,385111923, 38 Crore+,7278041, 72 Lacs+ 
395,395,Ratansinh Rathod,PANCHMAHAL,BJP,0,Graduate Professional,10260663, 1 Crore+,1081611, 10 Lacs+ 
396,396,Jadhav Sanjay (Bandu) Haribhau,PARBHANI,Shiv Sena (Uddhav Balasaheb Thackeray), 6 ,10th Pass,41040011, 4 Crore+,4519583, 45 Lacs+ 
397,397,Dr. Sanjay Jaiswal,PASCHIM CHAMPARAN,BJP, 5 ,Post Graduate,199404885, 19 Crore+,67370030, 6 Crore+ 
398,398,Ram Kripal Yadav,PATALIPUTRA,BJP,0,Graduate,29213467, 2 Crore+,1717310, 17 Lacs+ 
399,399,Dabhi Bharatsinhji Shankarji,PATAN,BJP,0,Graduate,47373221, 4 Crore+,5613860, 56 Lacs+ 
400,400,Anto Antony,PATHANAMTHITTA,INC, 1 ,Graduate,0,,7723227, 77 Lacs+ 
401,401,Preneet Kaur,PATIALA,INC,0,Graduate,635973757, 63 Crore+,42453369, 4 Crore+ 
402,402,Ravi Shankar Prasad,PATNA SAHIB,BJP,0,Post Graduate,235275591, 23 Crore+,0,  
403,403,Venkatesh Netha Borlakunta,PEDDAPALLE,TRS,0,Doctorate,16597300, 1 Crore+,0,  
404,404,Paarivendhar T R,PERAMBALUR,DMK, 2 ,Post Graduate,972730368, 97 Crore+,65935070, 6 Crore+ 
405,405,Keshari Devi Patel,PHULPUR,BJP, 2 ,Post Graduate,172707104, 17 Crore+,6505194, 65 Lacs+ 
406,406,Feroze Varun Gandhi,PILIBHIT,BJP,0,Post Graduate,603200539, 60 Crore+,28952800, 2 Crore+ 
407,407,K Shanmugasundaram,POLLACHI,DMK,0,Graduate Professional,133109284, 13 Crore+,13360639, 1 Crore+ 
408,408,E T Mohammed Basheer,PONNANI,IUML,0,10th Pass,8103274, 81 Lacs+,0,  
409,409,Rameshbhai Dhaduk,PORBANDAR,BJP,0,10th Pass,357564783, 35 Crore+,217944697, 21 Crore+ 
410,410,Sangam Lal Gupta,PRATAPGARH,BJP, 2 ,8th Pass,0,,8895225, 88 Lacs+ 
411,411,V. Vaithilingam,PUDUCHERRY,INC,0,Graduate,108015548, 10 Crore+,520989, 5 Lacs+ 
412,412,Pinaki Misra,PURI,BJD,0,Graduate Professional,1174701344, 117 Crore+,21932742, 2 Crore+ 
413,413,Santosh Kumar,PURNIA,JD(U), 1 ,12th Pass,41036294, 4 Crore+,2500000, 25 Lacs+ 
414,414,Jyotirmay Singh Mahato,PURULIA,BJP, 2 ,Graduate Professional,2250540, 22 Lacs+,456100, 4 Lacs+ 
415,415,Radha Mohan Singh,PURVI CHAMPARAN,BJP, 1 ,Graduate,33791375, 3 Crore+,1146627, 11 Lacs+ 
416,416,Sonia Gandhi,RAE BARELI,INC, 1 ,Others,118263916, 11 Crore+,0,  
417,417,Raja Amareshwara Naik,RAICHUR,BJP,0,Graduate Professional,30638375, 3 Crore+,678532, 6 Lacs+ 
418,418,Tatkare Sunil Dattatray,RAIGAD,NCP,0,Others,127487277, 12 Crore+,3221073, 32 Lacs+ 
419,419,Debasree Chaudhuri,RAIGANJ,BJP, 2 ,Post Graduate,6139123, 61 Lacs+,823416, 8 Lacs+ 
420,420,Gomati,RAIGARH,BJP,0,12th Pass,0,,0,  
421,421,Sunil Kumar Soni,RAIPUR,BJP,0,Graduate,46068126, 4 Crore+,2482214, 24 Lacs+ 
422,422,Margani Bharat Ram,RAJAHMUNDRY,YSRCP, 2 ,Graduate,458205360, 45 Crore+,17814757, 1 Crore+ 
423,423,P.V.Midhun Reddy,RAJAMPET,YSRCP, 3 ,Post Graduate,665085701, 66 Crore+,205473477, 20 Crore+ 
424,424,Rodmal Nagar,RAJGARH,BJP,0,Graduate,40198295, 4 Crore+,3921362, 39 Lacs+ 
425,425,Kundaria Mohanbhai,RAJKOT,BJP,0,8th Pass,68818120, 6 Crore+,16566856, 1 Crore+ 
426,426,Vijay Kumar Hansdak,RAJMAHAL,JMM,0,10th Pass,12919555, 1 Crore+,2743560, 27 Lacs+ 
427,427,Santosh Pandey,RAJNANDGAON,BJP,0,Graduate Professional,24861970, 2 Crore+,1519820, 15 Lacs+ 
428,428,Diya Kumari,RAJSAMAND,BJP,0,Others,165984623, 16 Crore+,0,  
429,429,K. Navaskani,RAMANATHAPURAM,IUML, 1 ,12th Pass,364738171, 36 Crore+,47008615, 4 Crore+ 
430,430,Mohammad Azam Khan,RAMPUR,SP, 10 ,Graduate Professional,0,,0,  
431,431,Krupal Balaji Tumane,RAMTEK,SHS,0,Graduate,95603165, 9 Crore+,4228793, 42 Lacs+ 
432,432,Jagannath Sarkar,RANAGHAT,BJP, 1 ,Graduate Professional,17622476, 1 Crore+,0,  
433,433,Sanjay Seth,RANCHI,BJP,0,Graduate Professional,14044267, 1 Crore+,100000, 1 Lacs+ 
434,434,Guman Singh Damor	,RATLAM,BJP,0,Graduate Professional,42072262, 4 Crore+,4890940, 48 Lacs+ 
435,435,Vinayak Bhaurao Raut,RATNAGIRI SINDHUDURG,Shiv Sena (Uddhav Balasaheb Thackeray), 3 ,Post Graduate,50660534, 5 Crore+,2830000, 28 Lacs+ 
436,436,Khadse Raksha Nikhil,RAVER,BJP,0,Graduate,172713734, 17 Crore+,0,  
437,437,Janardan Prasad Mishra,REWA,BJP,0,Graduate Professional,20359750, 2 Crore+,580627, 5 Lacs+ 
438,438,Pakauri Lal,ROBERTSGANJ,Apna Dal (Soneylal),0,Literate,23048078, 2 Crore+,684133, 6 Lacs+ 
439,439,Arvind Kumar Sharma,ROHTAK,BJP,0,Post Graduate,41079284, 4 Crore+,16778090, 1 Crore+ 
440,440,Rathod Dipsinh Shankarsinh,SABARKANTHA,BJP,0,8th Pass,0,,0,  
441,441,Rajbahadur Singh,SAGAR,BJP, 1 ,Post Graduate,16416828, 1 Crore+,547428, 5 Lacs+ 
442,442,Haji Fazlur Rehman,SAHARANPUR,BSP,0,Graduate,46146135, 4 Crore+,60000, 60 Thou+ 
443,443,Parthiban.S.R,SALEM,DMK, 4 ,Graduate Professional,60045532, 6 Crore+,4039841, 40 Lacs+ 
444,444,Ravinder,SALEMPUR,BJP,0,12th Pass,27031724, 2 Crore+,249400, 2 Lacs+ 
445,445,Ramchandra Paswan,SAMASTIPUR,LJP, 5 ,10th Pass,17375975, 1 Crore+,999057, 9 Lacs+ 
446,446,Nitesh Ganga Deb,SAMBALPUR,BJP, 1 ,12th Pass,269543587, 26 Crore+,10337195, 1 Crore+ 
447,447,Dr. Shafiqur Rehman Barq,SAMBHAL,SP,0,Graduate,13296671, 1 Crore+,0,  
448,448,Sanjaykaka Patil,SANGLI,BJP, 1 ,10th Pass,191192187, 19 Crore+,23345328, 2 Crore+ 
449,449,Bhagwant Mann,SANGRUR,AAP,0,12th Pass,16427274, 1 Crore+,0,  
450,450,Praveen Kumar Nishad,SANT KABIR NAGAR,BJP,0,Graduate Professional,0,,2326248, 23 Lacs+ 
451,451,Rajiv Pratap Rudy,SARAN,BJP,0,Post Graduate,80740349, 8 Crore+,0,  
452,452,Chhedi Paswan,SASARAM,BJP, 4 ,Post Graduate,37786578, 3 Crore+,2214842, 22 Lacs+ 
453,453,Bhonsle Shrimant Chhatrapati Udayanraje Pratapasinh Maharaj,SATARA,NCP, 8 ,12th Pass,1996813173, 199 Crore+,12340338, 1 Crore+ 
454,454,Ganesh Singh,SATNA,BJP, 2 ,Post Graduate,41719076, 4 Crore+,0,  
455,455,Gangapuram Kishan Reddy,SECUNDERABAD,BJP,0,Others,81430778, 8 Crore+,4500000, 45 Lacs+ 
456,456,Himadri Singh,SHAHDOL,BJP,0,Graduate,36564408, 3 Crore+,1736289, 17 Lacs+ 
457,457,Arun Kumar Sagar,SHAHJAHANPUR,BJP, 1 ,12th Pass,43448049, 4 Crore+,1179697, 11 Lacs+ 
458,458,Rama Devi,SHEOHAR,BJP, 1 ,Graduate Professional,328364940, 32 Crore+,0,  
459,459,Vincent H. Pala,SHILLONG,INC,0,Graduate Professional,549515421, 54 Crore+,0,  
460,460,Suresh Kumar Kashyap,SHIMLA,BJP,0,Post Graduate,0,,7873806, 78 Lacs+ 
461,461,B.Y.Raghavendra,SHIMOGA,BJP, 2 ,Graduate Professional,674093851, 67 Crore+,14150647, 1 Crore+ 
462,462,Sadashiv Kisan Lokhande,SHIRDI,SHS, 1 ,10th Pass,113710526, 11 Crore+,205100, 2 Lacs+ 
463,463,Amol Ramsing Kolhe,SHIRUR,NCP,0,Graduate Professional,43351521, 4 Crore+,1488116, 14 Lacs+ 
464,464,Ram Shiromani,SHRAWASTI,BSP,0,Graduate Professional,19108216, 1 Crore+,350000, 3 Lacs+ 
465,465,Riti Pathak,SIDHI,BJP,0,Post Graduate,51541791, 5 Crore+,505922, 5 Lacs+ 
466,466,Sumedhanand Saraswati,SIKAR,BJP,0,Post Graduate,2827638, 28 Lacs+,2719583, 27 Lacs+ 
467,467,Indra Hang Subba,SIKKIM,Sikkim Krantikari Morcha,0,Post Graduate,478817, 4 Lacs+,0,  
468,468,Rajdeep Roy,SILCHAR,BJP,0,Post Graduate,29901767, 2 Crore+,6976701, 69 Lacs+ 
469,469,Geeta Kora,SINGHBHUM,INC, 1 ,Post Graduate,25249018, 2 Crore+,1928508, 19 Lacs+ 
470,470,Sunita Duggal,SIRSA,BJP,0,Post Graduate,0,,2500000, 25 Lacs+ 
471,471,Sunil Kumar,SITAMARHI,JD(U), 6 ,Graduate,60717031, 6 Crore+,10277790, 1 Crore+ 
472,472,Rajesh Verma,SITAPUR,BJP, 1 ,Post Graduate,73129716, 7 Crore+,108148, 1 Lacs+ 
473,473,Karti P Chidambaram,SIVAGANGA,INC, 8 ,Graduate Professional,793729024, 79 Crore+,174081116, 17 Crore+ 
474,474,Kavita Singh,SIWAN,JD(U), 4 ,Post Graduate,19325264, 1 Crore+,412511, 4 Lacs+ 
475,475,Shri. Sha. Bra. Dr. Jay Siddeshwar Shivachrya Mahaswamiji,SOLAPUR,BJP,0,Graduate,27870079, 2 Crore+,0,  
476,476,Ramesh Chander Kaushik,SONIPAT,BJP,0,Graduate Professional,235859266, 23 Crore+,0,  
477,477,Ramesh Bidhuri,SOUTH DELHI,BJP, 2 ,Graduate Professional,180052708, 18 Crore+,2038454, 20 Lacs+ 
478,478,Cosme Francisco Caitano Sardinha,SOUTH GOA,INC,0,Graduate Professional,79402232, 7 Crore+,0,  
479,479,Kalyan Banerjee,SREERAMPUR,AITC,0,Graduate Professional,175968902, 17 Crore+,5522403, 55 Lacs+ 
480,480,Rammohannaidu Kinjarapu,SRIKAKULAM,TDP, 1 ,Post Graduate,0,,12000000, 1 Crore+ 
481,481,Farooq Abdullah,SRINAGAR,Jammu & Kashmir National Conference, 1 ,Graduate Professional,121904435, 12 Crore+,0,  
482,482,Baalu.T.R.,SRIPERUMBUDUR,DMK,0,Graduate,208806446, 20 Crore+,0,  
483,483,Maneka Sanjay Gandhi,SULTANPUR,BJP,0,12th Pass,556926451, 55 Crore+,11935800, 1 Crore+ 
484,484,Jual Oram,SUNDARGARH,BJP, 2 ,Others,74185014, 7 Crore+,12743330, 1 Crore+ 
485,485,Dileshwar Kamait,SUPAUL,JD(U), 2 ,Graduate,23441606, 2 Crore+,0,  
486,486,Jardosh Darshnaben Vikrambhai,SURAT,BJP,0,Graduate,23872876, 2 Crore+,0,  
487,487,Mahendrabhai Munjpara,SURENDRANAGAR,BJP,0,Post Graduate,79084513, 7 Crore+,14822528, 1 Crore+ 
488,488,Renuka Singh Saruta,SURGUJA,BJP,0,12th Pass,27682493, 2 Crore+,3251275, 32 Lacs+ 
489,489,Dibyendu Adhikari,TAMLUK,AITC, 1 ,Graduate,37687867, 3 Crore+,8397501, 83 Lacs+ 
490,490,Mala Rajya Laxmi Shah,TEHRI GARHWAL,BJP,0,12th Pass,0,,1350000000, 135 Crore+ 
491,491,Dhanush M Kumar,TENKASI,DMK, 1 ,Post Graduate,51360700, 5 Crore+,2896862, 28 Lacs+ 
492,492,Pallab Lochan Das,TEZPUR,BJP,0,Graduate,14445139, 1 Crore+,0,  
493,493,Rajan Baburao Vichare,THANE,Shiv Sena (Uddhav Balasaheb Thackeray), 9 ,12th Pass,181441465, 18 Crore+,54080733, 5 Crore+ 
494,494,Palanimanickam.S.S,THANJAVUR,DMK,0,Graduate Professional,42452076, 4 Crore+,2368600, 23 Lacs+ 
495,495,P. Raveendranath Kumar,THENI,AIADMK,0,Post Graduate,65803231, 6 Crore+,32734079, 3 Crore+ 
496,496,Shashi Tharoor,THIRUVANANTHAPURAM,INC, 2 ,Doctorate,350022585, 35 Crore+,0,  
497,497,Kanimozhi Karunanidhi,THOOTHUKKUDI,DMK, 6 ,Graduate Professional,303373130, 30 Crore+,19290928, 1 Crore+ 
498,498,T. N. Prathapan,THRISSUR,INC, 7 ,12th Pass,8609349, 86 Lacs+,2978120, 29 Lacs+ 
499,499,Virendra Kumar,TIKAMGARH,BJP,0,Doctorate,21503766, 2 Crore+,1974216, 19 Lacs+ 
500,500,Thirunavukkarasar. Su,TIRUCHIRAPPALLI,INC,0,Post Graduate,0,,40208, 40 Thou+ 
501,501,Gnanathiraviam S,TIRUNELVELI,DMK, 4 ,10th Pass,232759237, 23 Crore+,46149049, 4 Crore+ 
502,502,Balli Durgaprasad Rao,TIRUPATI,YSRCP,0,Graduate Professional,17426921, 1 Crore+,0,  
503,503,Subbarayan.K,TIRUPPUR,CPI,0,10th Pass,8035576, 80 Lacs+,500000, 5 Lacs+ 
504,504,Dr.K.Jayakumar,TIRUVALLUR,INC,0,Doctorate,24583769, 2 Crore+,0,  
505,505,Annadurai C N,TIRUVANNAMALAI,DMK,0,Graduate,134897466, 13 Crore+,32243604, 3 Crore+ 
506,506,Sukhbir Singh Jaunapuria,TONK SAWAI MADHOPUR,BJP,0,12th Pass,1233802420, 123 Crore+,0,  
507,507,Rebati Tripura,TRIPURA EAST,BJP,0,Post Graduate,1948315, 19 Lacs+,0,  
508,508,Pratima Bhoumik,TRIPURA WEST,BJP,0,Graduate,642398, 6 Lacs+,0,  
509,509,G S Basavaraj,TUMKUR,BJP,0,Graduate Professional,510779150, 51 Crore+,113844867, 11 Crore+ 
510,510,Agatha K. Sangma,TURA,NPP,0,Post Graduate,0,,0,  
511,511,Arjunlal Meena,UDAIPUR,BJP,0,Post Graduate,48196946, 4 Crore+,15602872, 1 Crore+ 
512,512,Dr. Jitendra Singh,UDHAMPUR,BJP,0,Post Graduate,70827203, 7 Crore+,0,  
513,513,Shobha Karandlaje,UDUPI CHIKMAGALUR,BJP, 3 ,Post Graduate,104872668, 10 Crore+,49936840, 4 Crore+ 
514,514,Nityanand Rai,UJIARPUR,BJP, 3 ,Graduate,187007570, 18 Crore+,357561, 3 Lacs+ 
515,515,Anil Firojiya,UJJAIN,BJP,0,12th Pass,26417937, 2 Crore+,3203766, 32 Lacs+ 
516,516,Sajda Ahmed,ULUBERIA,AITC,0,Graduate,28351569, 2 Crore+,5322615, 53 Lacs+ 
517,517,Swami Sachchidanand Hari Sakshi,UNNAO,BJP, 4 ,Doctorate,40886941, 4 Crore+,699025, 6 Lacs+ 
518,518,Anantkumar Hegde,UTTARA KANNADA,BJP, 4 ,12th Pass,84755455, 8 Crore+,41016655, 4 Crore+ 
519,519,K. Muraleedharan,VADAKARA,INC, 3 ,Graduate,114379340, 11 Crore+,0,  
520,520,Ranjanben Bhatt,VADODARA,BJP,0,12th Pass,0,,0,  
521,521,Veena Devi,VAISHALI,LJP, 2 ,10th Pass,337284632, 33 Crore+,112089220, 11 Crore+ 
522,522,Baidyanath Prasad Mahto,VALMIKI NAGAR,JD(U), 4 ,10th Pass,17934888, 1 Crore+,2915945, 29 Lacs+ 
523,523,Dr.K.C.Patel,VALSAD,BJP,0,Graduate Professional,68239480, 6 Crore+,0,  
524,524,Narendra Modi,VARANASI,BJP,0,Post Graduate,25136119, 2 Crore+,0,  
525,525,D.M. Kathir Anand,VELLORE,DMK, 2 ,Post Graduate,587579451, 58 Crore+,3307588, 33 Lacs+ 
526,526,Ramakant Bhargava,VIDISHA,BJP,0,12th Pass,30032282, 3 Crore+,3332012, 33 Lacs+ 
527,527,Srinivas Kesineni,VIJAYAWADA,TDP,0,10th Pass,808152415, 80 Crore+,512332955, 51 Crore+ 
528,528,Ravikumar D,VILUPPURAM,DMK,0,Doctorate,6509860, 65 Lacs+,1369031, 13 Lacs+ 
529,529,"Manickam Tagore, B.",VIRUDHUNAGAR,INC, 1 ,Graduate Professional,49705799, 4 Crore+,3600203, 36 Lacs+ 
530,530,M V V Satyanarayana,VISAKHAPATNAM,YSRCP, 1 ,10th Pass,0,,160030959, 16 Crore+ 
531,531,Bellana Chandra Sekhar,VIZIANAGARAM,YSRCP, 4 ,Graduate Professional,21035766, 2 Crore+,11130148, 1 Crore+ 
532,532,Dayakar Pasnori,WARANGAL,TRS,0,Graduate,24889712, 2 Crore+,1428227, 14 Lacs+ 
533,533,Ramdas Chandrabhanji Tadas,WARDHA,BJP,0,10th Pass,65807822, 6 Crore+,8961387, 89 Lacs+ 
534,534,Rahul Gandhi,WAYANAD,INC, 5 ,Post Graduate,158877063, 15 Crore+,7201904, 72 Lacs+ 
535,535,Parvesh Sahib Singh,WEST DELHI,BJP,0,Post Graduate,155195014, 15 Crore+,40097329, 4 Crore+ 
536,536,Bhavana Pundlikrao Gawali,YAVATMAL WASHIM,SHS, 3 ,Graduate,96873189, 9 Crore+,7396250, 73 Lacs+ 
537,537,B.B.Patil,ZAHIRABAD,TRS, 18 ,Graduate,1287851556, 128 Crore+,11535000, 1 Crore+ 
